Class ID,Recognition filename,Detection filename,Comment
1,001/01.png,train/0748.png,
1,001/02.png,train/0166.png,
1,001/04.png,train/0249.png,
1,001/05.png,train/0333.png,
1,001/06.png,train/0416.png,
1,001/07.png,train/0500.png,
1,001/08.png,train/0584.png,
1,001/09.png,train/0666.png,
1,001/10.png,train/0747.png,
1,001/03.png,test/0004.png,
2,002/01.png,test/0007.png,
2,002/02.png,test/0009.png,
2,002/03.png,train/0033.png,
2,002/04.png,train/0041.png,
2,002/05.png,train/0049.png,
2,002/06.png,train/0057.png,
2,002/07.png,train/0066.png,
2,002/08.png,train/0076.png,
2,002/09.png,train/0084.png,
2,002/10.png,train/0092.png,
3,003/03.png,train/0100.png,
3,003/04.png,test/0037.png,
3,003/05.png,test/0040.png,
3,003/06.png,test/0042.png,
3,003/07.png,train/0132.png, 
3,003/08.png,train/0140.png, 
3,003/09.png,train/0148.png, 
3,003/10.png,train/0156.png, 
3,003/01.png,train/0165.png,
3,003/02.png,train/0176.png,
4,004/01.png,train/0184.png,
4,004/04.png,train/0192.png,
4,004/05.png,train/0200.png,
4,004/06.png,test/0070.png,
4,004/07.png,test/0073.png,
4,004/02.png,test/0075.png,
4,004/08.png,train/0232.png,
4,004/09.png,train/0240.png,
4,004/10.png,train/0248.png,
4,004/03.png,train/0257.png,
5,005/01.png,train/0266.png,
5,005/09.png,train/0276.png,
5,005/10.png,train/0284.png,
5,005/04.png,train/0292.png,
5,005/02.png,train/0300.png,
5,005/05.png,test/0103.png,
5,005/06.png,test/0106.png,
5,005/07.png,test/0108.png,
5,005/08.png,train/0332.png,
5,005/03.png,train/0341.png,
6,006/01.png,train/0349.png,
6,006/09.png,train/0357.png,
6,006/10.png,train/0366.png,
6,006/02.png,train/0376.png,
6,006/03.png,train/0384.png,
6,006/04.png,train/0392.png,
6,006/05.png,train/0400.png,
6,006/06.png,test/0136.png,
6,006/07.png,test/0139.png,
6,006/08.png,test/0141.png,
7,007/01.png,train/0433.png,
7,007/02.png,train/0441.png,
7,007/03.png,train/0449.png,
7,007/04.png,train/0749.png,
7,007/05.png,train/0465.png,
7,007/06.png,train/0475.png,
7,007/07.png,train/0483.png,
7,007/08.png,train/0491.png,
7,007/09.png,train/0499.png,
7,007/10.png,test/0168.png,
8,008/01.png,test/0171.png,
8,008/06.png,test/0173.png,
8,008/07.png,train/0532.png,
8,008/02.png,train/0540.png,
8,008/03.png,train/0548.png,
8,008/08.png,train/0556.png,
8,008/09.png,train/0565.png,
8,008/10.png,train/0575.png,
8,008/04.png,train/0583.png,
8,008/05.png,train/0592.png,
9,009/03.png,train/0600.png,
9,009/04.png,test/0201.png,
9,009/01.png,test/0204.png,
9,009/05.png,test/0206.png,
9,009/06.png,train/0632.png,
9,009/07.png,train/0640.png,
9,009/08.png,train/0648.png,
9,009/09.png,train/0656.png,
9,009/10.png,train/0665.png,
9,009/02.png,train/0676.png,
10,010/05.png,train/0684.png,
10,010/06.png,train/0691.png,
10,010/01.png,train/0699.png,
10,010/07.png,test/0234.png,
10,010/08.png,test/0237.png,
10,010/02.png,test/0239.png,
10,010/09.png,train/0730.png,
10,010/10.png,train/0738.png,
10,010/03.png,train/0746.png,
10,010/04.png,train/0002.png,
11,011/02.png,train/0003.png,
11,011/03.png,train/0004.png,
11,011/04.png,train/0005.png,
11,011/05.png,train/0006.png,
11,011/06.png,train/0007.png,
11,011/07.png,test/0001.png,
11,011/08.png,test/0002.png,
11,011/09.png,test/0003.png,
11,011/10.png,train/0008.png,
11,011/01.png,train/0009.png,
12,012/01.png,train/0010.png,
12,012/02.png,train/0011.png,
12,012/03.png,train/0012.png,
12,012/04.png,train/0013.png,
12,012/05.png,train/0014.png,
12,012/06.png,train/0015.png,
12,012/07.png,train/0016.png,
12,012/08.png,test/0005.png,
12,012/09.png,test/0006.png,
12,012/10.png,test/0008.png,
13,013/04.png,train/0017.png,
13,013/05.png,train/0018.png,
13,013/01.png,train/0019.png,
13,013/06.png,train/0020.png,
13,013/07.png,train/0021.png,
13,013/02.png,train/0022.png,
13,013/08.png,train/0023.png,
13,013/09.png,train/0024.png,
13,013/10.png,train/0025.png,
13,013/03.png,test/0010.png,
14,014/02.png,test/0011.png,
14,014/10.png,test/0012.png,
14,014/03.png,train/0026.png,
14,014/04.png,train/0027.png,
14,014/05.png,train/0028.png,
14,014/06.png,train/0029.png,
14,014/07.png,train/0030.png,
14,014/08.png,train/0031.png,
14,014/09.png,train/0032.png,
14,014/01.png,train/0034.png,
15,015/01.png,train/0035.png,
15,015/02.png,test/0013.png,
15,015/07.png,test/0014.png,
15,015/03.png,test/0015.png,
15,015/04.png,train/0036.png,
15,015/08.png,train/0037.png,
15,015/09.png,train/0038.png,
15,015/05.png,train/0039.png,
15,015/10.png,train/0040.png,
15,015/06.png,train/0042.png,
16,016/04.png,train/0043.png,
16,016/05.png,train/0044.png,
16,016/06.png,train/0045.png,
16,016/07.png,test/0016.png,
16,016/08.png,test/0017.png,
16,016/09.png,test/0018.png,
16,016/10.png,train/0046.png,
16,016/01.png,train/0047.png,
16,016/02.png,train/0048.png,
16,016/03.png,train/0050.png,
17,017/04.png,train/0051.png,
17,017/05.png,train/0052.png,
17,017/01.png,train/0053.png,
17,017/02.png,train/0054.png,
17,017/06.png,train/0055.png,
17,017/07.png,test/0019.png,
17,017/08.png,test/0020.png,
17,017/09.png,test/0021.png,
17,017/03.png,train/0056.png,
17,017/10.png,train/0058.png,
18,018/01.png,train/0059.png,
18,018/02.png,train/0060.png,
18,018/03.png,train/0061.png,
18,018/04.png,train/0062.png,
18,018/05.png,train/0063.png,
18,018/06.png,train/0064.png,
18,018/07.png,train/0065.png,
18,018/08.png,test/0022.png,
18,018/09.png,test/0023.png,
18,018/10.png,test/0024.png,
19,019/04.png,train/0067.png,
19,019/05.png,train/0068.png,
19,019/06.png,train/0069.png,
19,019/07.png,train/0070.png,
19,019/08.png,train/0071.png,
19,019/09.png,train/0072.png,
19,019/01.png,train/0073.png,
19,019/10.png,train/0074.png,
19,019/02.png,train/0075.png,
19,019/03.png,test/0025.png,
20,020/01.png,test/0026.png,
20,020/02.png,test/0027.png,
20,020/04.png,train/0077.png,
20,020/05.png,train/0078.png,
20,020/06.png,train/0079.png,
20,020/07.png,train/0080.png,
20,020/08.png,train/0081.png,
20,020/09.png,train/0082.png,
20,020/10.png,train/0083.png,
20,020/03.png,train/0085.png,
21,021/01.png,train/0086.png,
21,021/04.png,test/0028.png,
21,021/05.png,test/0029.png,
21,021/02.png,test/0030.png,Cut out
21,021/06.png,train/0087.png,
21,021/07.png,train/0088.png,
21,021/08.png,train/0089.png,
21,021/09.png,train/0090.png,
21,021/10.png,train/0091.png,
21,021/03.png,train/0093.png,
22,022/05.png,train/0094.png,
22,022/06.png,train/0095.png,
22,022/01.png,train/0096.png,
22,022/07.png,test/0031.png,
22,022/08.png,test/0032.png,
22,022/09.png,test/0033.png,
22,022/02.png,train/0097.png,
22,022/10.png,train/0098.png,
22,022/03.png,train/0099.png,
22,022/04.png,train/0101.png,
23,023/01.png,train/0102.png,
23,023/03.png,train/0103.png,
23,023/04.png,train/0104.png,
23,023/05.png,train/0105.png,
23,023/06.png,train/0106.png,
23,023/07.png,test/0034.png,
23,023/08.png,test/0035.png,
23,023/09.png,test/0036.png,
23,023/10.png,train/0107.png,
23,023/02.png,train/0108.png,
24,024/01.png,train/0109.png,
24,024/03.png,train/0110.png,
24,024/02.png,train/0111.png,
24,024/04.png,train/0112.png,
24,024/05.png,train/0113.png,
24,024/06.png,train/0114.png,
24,024/07.png,train/0115.png,
24,024/08.png,test/0038.png,
24,024/09.png,test/0039.png,
24,024/10.png,test/0041.png,
25,025/04.png,train/0116.png,
25,025/01.png,train/0117.png,
25,025/05.png,train/0118.png,
25,025/06.png,train/0119.png,
25,025/07.png,train/0120.png,
25,025/08.png,train/0121.png,
25,025/09.png,train/0122.png,
25,025/02.png,train/0123.png,
25,025/10.png,train/0124.png,
25,025/03.png,test/0043.png,
26,026/01.png,test/0044.png,
26,026/04.png,test/0045.png,
26,026/05.png,train/0125.png,
26,026/02.png,train/0126.png,
26,026/06.png,train/0127.png,
26,026/07.png,train/0128.png,
26,026/08.png,train/0129.png,
26,026/09.png,train/0130.png,
26,026/10.png,train/0131.png,
26,026/03.png,train/0133.png,
27,027/03.png,train/0134.png,
27,027/04.png,test/0046.png,
27,027/05.png,test/0047.png,
27,027/01.png,test/0048.png,
27,027/06.png,train/0135.png,
27,027/07.png,train/0136.png,
27,027/08.png,train/0137.png,
27,027/09.png,train/0138.png,
27,027/10.png,train/0139.png,
27,027/02.png,train/0141.png,
28,028/05.png,train/0142.png,
28,028/06.png,train/0143.png,
28,028/01.png,train/0144.png,
28,028/07.png,test/0049.png,
28,028/08.png,test/0050.png,
28,028/02.png,test/0051.png,
28,028/09.png,train/0145.png,
28,028/03.png,train/0146.png,
28,028/10.png,train/0147.png,
28,028/04.png,train/0149.png,
29,029/01.png,train/0150.png,
29,029/05.png,train/0151.png,
29,029/06.png,train/0152.png,
29,029/07.png,train/0153.png,
29,029/08.png,train/0154.png,
29,029/02.png,test/0052.png,
29,029/09.png,test/0053.png,
29,029/10.png,test/0054.png,
29,029/03.png,train/0155.png,
29,029/04.png,train/0157.png,
30,030/03.png,train/0158.png,
30,030/01.png,train/0159.png,
30,030/04.png,train/0160.png,
30,030/05.png,train/0161.png,
30,030/06.png,train/0162.png,
30,030/07.png,train/0163.png,
30,030/08.png,train/0164.png,
30,030/09.png,test/0055.png,
30,030/10.png,test/0056.png,
30,030/02.png,test/0057.png,
31,031/01.png,train/0167.png,
31,031/04.png,train/0168.png,
31,031/05.png,train/0169.png,
31,031/02.png,train/0170.png,
31,031/06.png,train/0171.png,
31,031/07.png,train/0172.png,
31,031/08.png,train/0173.png,
31,031/09.png,train/0174.png,
31,031/10.png,train/0175.png,
31,031/03.png,test/0058.png,
32,032/01.png,test/0059.png,
32,032/04.png,test/0060.png,
32,032/02.png,train/0177.png,
32,032/05.png,train/0178.png,
32,032/06.png,train/0179.png,
32,032/07.png,train/0180.png,
32,032/08.png,train/0181.png,
32,032/09.png,train/0182.png,
32,032/10.png,train/0183.png,
32,032/03.png,train/0185.png,
33,033/04.png,train/0186.png,
33,033/05.png,test/0061.png,
33,033/01.png,test/0062.png,
33,033/06.png,test/0063.png,
33,033/07.png,train/0187.png,
33,033/08.png,train/0188.png,
33,033/09.png,train/0189.png,
33,033/02.png,train/0190.png,
33,033/10.png,train/0191.png,
33,033/03.png,train/0193.png,
34,034/05.png,train/0194.png,
34,034/06.png,train/0195.png,
34,034/07.png,train/0196.png,
34,034/01.png,test/0064.png,
34,034/08.png,test/0065.png,
34,034/02.png,test/0066.png,
34,034/09.png,train/0197.png,
34,034/10.png,train/0198.png,
34,034/03.png,train/0199.png,
34,034/04.png,train/0201.png,
35,035/01.png,train/0202.png,
35,035/02.png,train/0203.png,
35,035/03.png,train/0204.png,
35,035/04.png,train/0205.png,
35,035/05.png,train/0206.png,
35,035/06.png,test/0067.png,
35,035/07.png,test/0068.png,
35,035/08.png,test/0069.png,
35,035/09.png,train/0207.png,
35,035/10.png,train/0208.png,
36,036/03.png,train/0209.png,
36,036/04.png,train/0210.png,
36,036/05.png,train/0211.png,
36,036/06.png,train/0212.png,
36,036/07.png,train/0213.png,
36,036/08.png,train/0214.png,
36,036/09.png,train/0215.png,
36,036/10.png,test/0071.png,
36,036/01.png,test/0072.png,
36,036/02.png,test/0074.png,
37,037/01.png,train/0216.png,
37,037/02.png,train/0217.png,
37,037/03.png,train/0218.png,
37,037/04.png,train/0219.png,
37,037/05.png,train/0220.png,
37,037/06.png,train/0221.png,
37,037/07.png,train/0222.png,
37,037/08.png,train/0223.png,
37,037/09.png,train/0224.png,
37,037/10.png,test/0076.png,
38,038/02.png,test/0077.png,
38,038/03.png,test/0078.png,
38,038/04.png,train/0225.png,
38,038/05.png,train/0226.png,
38,038/06.png,train/0227.png,
38,038/07.png,train/0228.png,
38,038/08.png,train/0229.png,
38,038/09.png,train/0230.png,
38,038/10.png,train/0231.png,
38,038/01.png,train/0233.png,
39,039/02.png,train/0234.png,
39,039/03.png,test/0079.png,
39,039/04.png,test/0080.png,
39,039/05.png,test/0081.png,
39,039/06.png,train/0235.png,
39,039/07.png,train/0236.png,
39,039/08.png,train/0237.png,
39,039/09.png,train/0238.png,
39,039/10.png,train/0239.png,
39,039/01.png,train/0241.png,
40,040/01.png,train/0242.png,
40,040/02.png,train/0243.png,
40,040/05.png,train/0244.png,
40,040/06.png,test/0082.png,
40,040/03.png,test/0083.png,
40,040/07.png,test/0084.png,
40,040/08.png,train/0245.png,
40,040/09.png,train/0246.png,
40,040/10.png,train/0247.png,
40,040/04.png,train/0250.png,
41,041/01.png,train/0251.png,
41,041/03.png,train/0252.png,
41,041/04.png,train/0253.png,
41,041/05.png,train/0254.png,
41,041/06.png,train/0255.png,
41,041/07.png,test/0085.png,
41,041/08.png,test/0086.png,
41,041/09.png,test/0087.png,
41,041/10.png,train/0256.png,
41,041/02.png,train/0258.png,
42,042/02.png,train/0259.png,
42,042/03.png,train/0260.png,
42,042/04.png,train/0261.png,
42,042/05.png,train/0262.png,
42,042/06.png,train/0263.png,
42,042/07.png,train/0264.png,
42,042/08.png,train/0265.png,
42,042/09.png,test/0088.png,
42,042/10.png,test/0089.png,
42,042/01.png,test/0090.png,
43,043/01.png,train/0267.png,
43,043/02.png,train/0268.png,
43,043/03.png,train/0269.png,
43,043/04.png,train/0270.png,
43,043/05.png,train/0271.png,
43,043/06.png,train/0272.png,
43,043/07.png,train/0273.png,
43,043/08.png,train/0274.png,
43,043/09.png,train/0275.png,
43,043/10.png,test/0091.png,
44,044/02.png,test/0092.png,
44,044/03.png,test/0093.png,
44,044/04.png,train/0277.png,
44,044/05.png,train/0278.png,
44,044/06.png,train/0279.png,
44,044/07.png,train/0280.png,
44,044/08.png,train/0281.png,
44,044/09.png,train/0282.png,
44,044/01.png,train/0283.png,
44,044/03.png,train/0285.png,
45,045/01.png,train/0286.png,
45,045/02.png,test/0094.png,
45,045/03.png,test/0095.png,Cut in half
45,045/04.png,test/0096.png,Cut out
45,045/05.png,train/0287.png,
45,045/06.png,train/0288.png,
45,045/07.png,train/0289.png,
45,045/08.png,train/0290.png,
45,045/09.png,train/0291.png,
45,045/10.png,train/0293.png,
46,046/03.png,train/0294.png,
46,046/04.png,train/0295.png,
46,046/01.png,train/0296.png,
46,046/05.png,test/0097.png,
46,046/02.png,test/0098.png,
46,046/06.png,test/0099.png,
46,046/07.png,train/0297.png,
46,046/08.png,train/0298.png,
46,046/09.png,train/0299.png,
46,046/10.png,train/0301.png,
47,047/01.png,train/0302.png,
47,047/05.png,train/0303.png,
47,047/06.png,train/0304.png,
47,047/07.png,train/0305.png,
47,047/08.png,train/0306.png,
47,047/09.png,test/0100.png,
47,047/10.png,test/0101.png,
47,047/02.png,test/0102.png,
47,047/03.png,train/0307.png,
47,047/04.png,train/0308.png,
48,048/01.png,train/0309.png,
48,048/04.png,train/0310.png,
48,048/05.png,train/0311.png,
48,048/06.png,train/0312.png,
48,048/07.png,train/0313.png,
48,048/08.png,train/0314.png,
48,048/02.png,train/0315.png,
48,048/09.png,test/0104.png,
48,048/10.png,test/0105.png,
48,048/03.png,test/0107.png,
49,049/01.png,train/0316.png,
49,049/02.png,train/0317.png,
49,049/03.png,train/0318.png,
49,049/04.png,train/0319.png,
49,049/05.png,train/0320.png,
49,049/06.png,train/0321.png,
49,049/07.png,train/0322.png,
49,049/08.png,train/0323.png,
49,049/09.png,train/0324.png,
49,049/10.png,test/0109.png,
50,050/03.png,test/0110.png,
50,050/04.png,test/0111.png,
50,050/05.png,train/0325.png,
50,050/06.png,train/0326.png,
50,050/07.png,train/0327.png,
50,050/08.png,train/0328.png,
50,050/09.png,train/0329.png,
50,050/01.png,train/0330.png,
50,050/10.png,train/0331.png,
50,050/02.png,train/0334.png,
51,051/03.png,train/0335.png,
51,051/04.png,test/0112.png,
51,051/05.png,test/0113.png,
51,051/06.png,test/0114.png,
51,051/07.png,train/0336.png,
51,051/08.png,train/0337.png,
51,051/01.png,train/0338.png,
51,051/09.png,train/0339.png,
51,051/10.png,train/0340.png,
51,051/02.png,train/0342.png,
52,052/01.png,train/0343.png,
52,052/04.png,train/0344.png,
52,052/05.png,train/0345.png,
52,052/06.png,test/0115.png,
52,052/07.png,test/0116.png,
52,052/08.png,test/0117.png,
52,052/09.png,train/0346.png,
52,052/10.png,train/0347.png,
52,052/02.png,train/0348.png,
52,052/03.png,train/0350.png,
53,053/01.png,train/0351.png,
53,053/02.png,train/0352.png,
53,053/03.png,train/0353.png,
53,053/04.png,train/0354.png,
53,053/05.png,train/0355.png,
53,053/06.png,test/0118.png,
53,053/07.png,test/0119.png,
53,053/08.png,test/0120.png,
53,053/09.png,train/0356.png,
53,053/10.png,train/0358.png,
54,054/05.png,train/0359.png,
54,054/06.png,train/0360.png,
54,054/01.png,train/0361.png,
54,054/07.png,train/0362.png,
54,054/08.png,train/0363.png,
54,054/09.png,train/0364.png,
54,054/10.png,train/0365.png,
54,054/02.png,test/0121.png,
54,054/03.png,test/0122.png,
54,054/04.png,test/0123.png,
55,055/01.png,train/0367.png,
55,055/03.png,train/0368.png,
55,055/04.png,train/0369.png,
55,055/05.png,train/0370.png,
55,055/06.png,train/0371.png,
55,055/07.png,train/0372.png,
55,055/08.png,train/0373.png,
55,055/02.png,train/0374.png,
55,055/09.png,train/0375.png,
55,055/10.png,test/0124.png,
56,056/02.png,test/0125.png,
56,056/03.png,test/0126.png,
56,056/04.png,train/0377.png,
56,056/01.png,train/0378.png,
56,056/05.png,train/0379.png,
56,056/06.png,train/0380.png,
56,056/07.png,train/0381.png,
56,056/08.png,train/0382.png,
56,056/09.png,train/0383.png,
56,056/10.png,train/0385.png,
57,057/02.png,train/0386.png,
57,057/03.png,test/0127.png,
57,057/04.png,test/0128.png,
57,057/05.png,test/0129.png,
57,057/06.png,train/0387.png,
57,057/07.png,train/0388.png,
57,057/08.png,train/0389.png,
57,057/09.png,train/0390.png,
57,057/01.png,train/0391.png,
57,057/10.png,train/0393.png,
58,058/01.png,train/0394.png,
58,058/04.png,train/0395.png,
58,058/05.png,train/0396.png,
58,058/06.png,test/0130.png,
58,058/07.png,test/0131.png,
58,058/08.png,test/0132.png,
58,058/09.png,train/0397.png,
58,058/10.png,train/0398.png,
58,058/02.png,train/0399.png,
58,058/03.png,train/0401.png,
59,059/01.png,train/0402.png,
59,059/03.png,train/0403.png,
59,059/04.png,train/0404.png,
59,059/05.png,train/0405.png,
59,059/06.png,train/0406.png,
59,059/07.png,test/0133.png,
59,059/08.png,test/0134.png,
59,059/09.png,test/0135.png,
59,059/10.png,train/0407.png,
59,059/02.png,train/0408.png,
60,060/01.png,train/0409.png,
60,060/05.png,train/0410.png,
60,060/02.png,train/0411.png,
60,060/06.png,train/0412.png,
60,060/03.png,train/0413.png,
60,060/07.png,train/0414.png,
60,060/08.png,train/0415.png,
60,060/09.png,test/0137.png,
60,060/04.png,test/0138.png,
60,060/10.png,test/0140.png,
61,061/05.png,train/0417.png,
61,061/06.png,train/0418.png,
61,061/07.png,train/0419.png,
61,061/01.png,train/0420.png,
61,061/02.png,train/0421.png,
61,061/08.png,train/0422.png,
61,061/09.png,train/0423.png,
61,061/10.png,train/0424.png,
61,061/03.png,train/0425.png,
61,061/04.png,test/0142.png,
62,062/01.png,test/0143.png,
62,062/04.png,test/0144.png,
62,062/05.png,train/0426.png,
62,062/02.png,train/0427.png,
62,062/06.png,train/0428.png,
62,062/07.png,train/0429.png,
62,062/08.png,train/0430.png,
62,062/09.png,train/0431.png,
62,062/10.png,train/0432.png,
62,062/03.png,train/0434.png,
63,063/03.png,train/0435.png,
63,063/04.png,test/0145.png,
63,063/05.png,test/0146.png,
63,063/06.png,test/0147.png,
63,063/07.png,train/0436.png,
63,063/08.png,train/0437.png,
63,063/09.png,train/0438.png,
63,063/10.png,train/0439.png,
63,063/01.png,train/0440.png,
63,063/02.png,train/0442.png,
64,064/03.png,train/0443.png,
64,064/04.png,train/0444.png,
64,064/05.png,train/0445.png,
64,064/06.png,test/0148.png,
64,064/07.png,test/0149.png,
64,064/08.png,test/0150.png,
64,064/09.png,train/0446.png,
64,064/01.png,train/0447.png,
64,064/10.png,train/0448.png,
64,064/02.png,train/0450.png,
65,065/01.png,train/0451.png,
65,065/05.png,train/0452.png,
65,065/06.png,train/0453.png,
65,065/02.png,train/0454.png,
65,065/07.png,train/0455.png,
65,065/08.png,test/0151.png,
65,065/09.png,test/0152.png,
65,065/10.png,test/0153.png,
65,065/03.png,train/0456.png,
65,065/04.png,train/0457.png,
66,066/01.png,train/0458.png,
66,066/03.png,train/0459.png,
66,066/04.png,train/0460.png,
66,066/05.png,train/0461.png,
66,066/06.png,train/0462.png,
66,066/07.png,train/0463.png,
66,066/08.png,train/0464.png,
66,066/09.png,test/0154.png,
66,066/10.png,test/0155.png,
66,066/02.png,test/0156.png,
67,067/01.png,train/0466.png,
67,067/05.png,train/0467.png,
67,067/06.png,train/0468.png,
67,067/07.png,train/0469.png,
67,067/08.png,train/0470.png,
67,067/02.png,train/0471.png,
67,067/09.png,train/0472.png,
67,067/10.png,train/0473.png,
67,067/03.png,train/0474.png,
67,067/04.png,train/0750.png,
68,068/01.png,test/0157.png,
68,068/02.png,test/0158.png,
68,068/03.png,train/0476.png,
68,068/04.png,train/0477.png,
68,068/05.png,train/0478.png,
68,068/06.png,train/0479.png,
68,068/07.png,train/0480.png,
68,068/08.png,train/0481.png,Outer area cut
68,068/09.png,train/0482.png,
68,068/10.png,train/0484.png,
69,069/03.png,train/0485.png,
69,069/04.png,test/0159.png,
69,069/05.png,test/0160.png,
69,069/06.png,test/0161.png,
69,069/07.png,train/0486.png,
69,069/08.png,train/0487.png,
69,069/09.png,train/0488.png,
69,069/01.png,train/0489.png,
69,069/10.png,train/0490.png,
69,069/02.png,train/0492.png,
70,070/01.png,train/0493.png,
70,070/02.png,train/0494.png,
70,070/05.png,train/0495.png,
70,070/03.png,test/0162.png,
70,070/06.png,test/0163.png,
70,070/07.png,test/0164.png,
70,070/08.png,train/0496.png,
70,070/09.png,train/0497.png,
70,070/10.png,train/0498.png,
70,070/04.png,train/0501.png,
71,071/04.png,train/0502.png,
71,071/01.png,train/0503.png,
71,071/05.png,train/0504.png,
71,071/06.png,train/0505.png,
71,071/07.png,train/0506.png,
71,071/02.png,test/0165.png,
71,071/08.png,test/0166.png,
71,071/09.png,test/0167.png,
71,071/10.png,train/0507.png,
71,071/03.png,train/0508.png,Modified (cut in half)
72,072/01.png,train/0509.png,
72,072/02.png,train/0510.png,
72,072/04.png,train/0511.png,
72,072/05.png,train/0512.png,
72,072/06.png,train/0513.png,
72,072/07.png,train/0514.png,
72,072/08.png,train/0515.png,
72,072/09.png,test/0169.png,
72,072/10.png,test/0170.png,
72,072/03.png,test/0172.png,
73,073/04.png,train/0516.png,
73,073/05.png,train/0517.png,
73,073/06.png,train/0518.png,
73,073/07.png,train/0519.png,
73,073/08.png,train/0520.png,
73,073/01.png,train/0521.png,
73,073/09.png,train/0522.png,
73,073/10.png,train/0523.png,
73,073/02.png,train/0524.png,
73,073/03.png,test/0174.png,
74,074/01.png,test/0175.png,
74,074/02.png,test/0176.png,
74,074/03.png,train/0525.png,
74,074/04.png,train/0526.png,
74,074/05.png,train/0527.png,
74,074/06.png,train/0528.png,
74,074/07.png,train/0529.png,
74,074/08.png,train/0530.png,
74,074/09.png,train/0531.png,
74,074/10.png,train/0533.png,
75,075/01.png,train/0534.png,
75,075/02.png,test/0177.png,
75,075/03.png,test/0178.png,
75,075/04.png,test/0179.png,
75,075/05.png,train/0535.png,
75,075/06.png,train/0536.png,
75,075/07.png,train/0537.png,
75,075/08.png,train/0538.png,
75,075/09.png,train/0539.png,
75,075/10.png,train/0541.png,
76,076/03.png,train/0542.png,
76,076/04.png,train/0543.png,
76,076/05.png,train/0544.png,
76,076/06.png,test/0180.png,
76,076/07.png,test/0181.png,
76,076/08.png,test/0182.png,
76,076/09.png,train/0545.png,
76,076/01.png,train/0546.png,
76,076/10.png,train/0547.png,
76,076/02.png,train/0549.png,
77,077/02.png,train/0550.png,
77,077/03.png,train/0551.png,
77,077/04.png,train/0552.png,
77,077/05.png,train/0553.png,
77,077/06.png,train/0554.png,
77,077/07.png,test/0183.png,
77,077/08.png,test/0184.png,
77,077/09.png,test/0185.png,
77,077/10.png,train/0555.png,
77,077/01.png,train/0557.png,
78,078/06.png,train/0558.png,
78,078/03.png,train/0559.png,
78,078/07.png,train/0560.png,
78,078/08.png,train/0561.png,
78,078/04.png,train/0562.png,
78,078/09.png,train/0563.png,
78,078/10.png,train/0564.png,
78,078/05.png,test/0186.png,
78,078/01.png,test/0187.png,
78,078/02.png,test/0188.png,
79,079/02.png,train/0566.png,
79,079/03.png,train/0567.png,
79,079/04.png,train/0568.png,
79,079/01.png,train/0569.png,
79,079/05.png,train/0570.png,
79,079/06.png,train/0571.png,
79,079/07.png,train/0572.png,
79,079/08.png,train/0573.png,
79,079/09.png,train/0574.png,
79,079/10.png,test/0189.png,
80,080/01.png,test/0190.png,
80,080/02.png,test/0191.png,
80,080/03.png,train/0576.png,
80,080/04.png,train/0577.png,
80,080/05.png,train/0578.png,
80,080/06.png,train/0579.png,
80,080/07.png,train/0580.png,
80,080/08.png,train/0581.png,
80,080/09.png,train/0582.png,
80,080/10.png,train/0585.png,
81,081/01.png,train/0586.png,
81,081/05.png,test/0192.png,
81,081/06.png,test/0193.png,
81,081/02.png,test/0194.png,
81,081/03.png,train/0587.png,
81,081/07.png,train/0588.png,
81,081/08.png,train/0589.png,
81,081/09.png,train/0590.png,
81,081/10.png,train/0591.png,
81,081/04.png,train/0593.png,
82,082/03.png,train/0594.png,
82,082/04.png,train/0595.png,
82,082/05.png,train/0596.png,
82,082/06.png,test/0195.png,
82,082/01.png,test/0196.png,
82,082/02.png,test/0197.png,
82,082/07.png,train/0597.png,
82,082/08.png,train/0598.png,
82,082/09.png,train/0599.png,
82,082/10.png,train/0601.png,
83,083/01.png,train/0602.png,
83,083/04.png,train/0603.png,
83,083/05.png,train/0604.png,
83,083/06.png,train/0605.png,
83,083/07.png,train/0606.png,
83,083/02.png,test/0198.png,
83,083/08.png,test/0199.png,
83,083/09.png,test/0200.png,
83,083/10.png,train/0607.png,
83,083/03.png,train/0608.png,
84,084/04.png,train/0609.png,
84,084/05.png,train/0610.png,
84,084/06.png,train/0611.png,
84,084/07.png,train/0612.png,
84,084/01.png,train/0613.png,
84,084/08.png,train/0614.png,
84,084/09.png,train/0615.png,
84,084/10.png,test/0202.png,
84,084/02.png,test/0203.png,
84,084/03.png,test/0205.png,
85,085/01.png,train/0616.png,
85,085/03.png,train/0617.png,
85,085/04.png,train/0618.png,
85,085/05.png,train/0619.png,
85,085/06.png,train/0620.png,
85,085/07.png,train/0621.png,
85,085/08.png,train/0622.png,
85,085/09.png,train/0623.png,
85,085/10.png,train/0624.png,
85,085/02.png,test/0207.png,
86,086/01.png,test/0208.png,
86,086/06.png,test/0209.png,
86,086/07.png,train/0625.png,
86,086/08.png,train/0626.png,
86,086/09.png,train/0627.png,
86,086/10.png,train/0628.png,
86,086/02.png,train/0629.png,
86,086/03.png,train/0630.png,
86,086/04.png,train/0631.png,
86,086/05.png,train/0633.png,
87,087/01.png,train/0634.png,Resave it (srgb)
87,087/04.png,test/0210.png,
87,087/05.png,test/0211.png,
87,087/06.png,test/0212.png,
87,087/02.png,train/0635.png,
87,087/07.png,train/0636.png,
87,087/08.png,train/0637.png,
87,087/09.png,train/0638.png,
87,087/10.png,train/0639.png,
87,087/03.png,train/0641.png,
88,088/05.png,train/0642.png,
88,088/06.png,train/0643.png,
88,088/07.png,train/0644.png,
88,088/08.png,test/0213.png,
88,088/09.png,test/0214.png,
88,088/10.png,test/0215.png,
88,088/01.png,train/0645.png,
88,088/02.png,train/0646.png,
88,088/03.png,train/0647.png,
88,088/04.png,train/0649.png,
89,089/02.png,train/0650.png,
89,089/03.png,train/0651.png,
89,089/04.png,train/0652.png,
89,089/05.png,train/0653.png,
89,089/06.png,train/0654.png,
89,089/07.png,test/0216.png,
89,089/08.png,test/0217.png,
89,089/09.png,test/0218.png,
89,089/10.png,train/0655.png,
89,089/01.png,train/0657.png,
90,090/01.png,train/0658.png,
90,090/04.png,train/0659.png,
90,090/05.png,train/0660.png,
90,090/02.png,train/0661.png,
90,090/06.png,train/0662.png,
90,090/07.png,train/0663.png,
90,090/03.png,train/0664.png,
90,090/08.png,test/0219.png,
90,090/09.png,test/0220.png,
90,090/10.png,test/0221.png,
91,091/04.png,train/0667.png,
91,091/05.png,train/0668.png,
91,091/06.png,train/0669.png,
91,091/01.png,train/0670.png,
91,091/07.png,train/0671.png,
91,091/08.png,train/0672.png,
91,091/09.png,train/0673.png,
91,091/10.png,train/0674.png,
91,091/02.png,train/0675.png,
91,091/03.png,test/0222.png,
92,092/01.png,test/0223.png,
92,092/03.png,test/0224.png,
92,092/04.png,train/0677.png,
92,092/05.png,train/0678.png,
92,092/02.png,train/0679.png,
92,092/06.png,train/0680.png,
92,092/07.png,train/0681.png,
92,092/08.png,train/0682.png,
92,092/09.png,train/0683.png,
92,092/10.png,train/0685.png,
93,093/01.png,train/0686.png,
93,093/02.png,test/0225.png,
93,093/05.png,test/0226.png,
93,093/03.png,test/0227.png,
93,093/06.png,train/0687.png,
93,093/07.png,train/0688.png,
93,093/08.png,test/0249.png,
93,093/09.png,train/0689.png,
93,093/10.png,train/0690.png,
93,093/04.png,train/0692.png,
94,094/01.png,train/0693.png,
94,094/02.png,train/0694.png,
94,094/03.png,train/0695.png,
94,094/04.png,test/0228.png,
94,094/05.png,test/0229.png,
94,094/06.png,test/0230.png,
94,094/07.png,train/0696.png,
94,094/08.png,train/0697.png,
94,094/09.png,train/0698.png,
94,094/10.png,train/0700.png,
95,095/02.png,train/0701.png,
95,095/03.png,train/0702.png,
95,095/04.png,train/0703.png,
95,095/05.png,train/0704.png,
95,095/06.png,train/0705.png,
95,095/07.png,test/0231.png,
95,095/08.png,test/0232.png,
95,095/09.png,test/0233.png,
95,095/10.png,train/0706.png,
95,095/01.png,train/0707.png,
96,096/05.png,train/0708.png,
96,096/06.png,train/0709.png,
96,096/07.png,train/0710.png,
96,096/08.png,train/0711.png,
96,096/01.png,train/0712.png,
96,096/09.png,train/0713.png,
96,096/10.png,test/0250.png,
96,096/02.png,test/0235.png,
96,096/03.png,test/0236.png,
96,096/04.png,test/0238.png,
97,097/03.png,train/0714.png,
97,097/04.png,train/0715.png,
97,097/05.png,train/0716.png,
97,097/06.png,train/0717.png,
97,097/07.png,train/0718.png,
97,097/08.png,train/0719.png,
97,097/09.png,train/0720.png,
97,097/01.png,train/0721.png,
97,097/10.png,train/0722.png,
97,097/02.png,test/0240.png,
98,098/01.png,test/0241.png,
98,098/03.png,test/0242.png,
98,098/04.png,train/0723.png,
98,098/05.png,train/0724.png,
98,098/06.png,train/0725.png,
98,098/02.png,train/0726.png,
98,098/07.png,train/0727.png,
98,098/08.png,train/0728.png,
98,098/09.png,train/0729.png,
98,098/10.png,train/0731.png,
99,099/03.png,train/0732.png,
99,099/04.png,test/0243.png,
99,099/01.png,test/0244.png,
99,099/05.png,test/0245.png,
99,099/06.png,train/0733.png,
99,099/07.png,train/0734.png,
99,099/08.png,train/0735.png,
99,099/09.png,train/0736.png,
99,099/10.png,train/0737.png,
99,099/02.png,train/0739.png,
100,100/01.png,train/0740.png,
100,100/02.png,train/0741.png,
100,100/03.png,train/0742.png,
100,100/04.png,test/0246.png,
100,100/05.png,test/0247.png,
100,100/06.png,test/0248.png,
100,100/07.png,train/0743.png,
100,100/08.png,train/0744.png,
100,100/09.png,train/0745.png,
100,100/10.png,train/0001.png,
