test/0001.png,11
test/0002.png,11
test/0003.png,11
test/0004.png,1
test/0005.png,12
test/0006.png,12
test/0007.png,2
test/0008.png,12
test/0009.png,2
test/0010.png,13
test/0011.png,14
test/0012.png,14
test/0013.png,15
test/0014.png,15
test/0015.png,15
test/0016.png,16
test/0017.png,16
test/0018.png,16
test/0019.png,17
test/0020.png,17
test/0021.png,17
test/0022.png,18
test/0023.png,18
test/0024.png,18
test/0025.png,19
test/0026.png,20
test/0027.png,20
test/0028.png,21
test/0029.png,21
test/0030.png,21
test/0031.png,22
test/0032.png,22
test/0033.png,22
test/0034.png,23
test/0035.png,23
test/0036.png,23
test/0037.png,3
test/0038.png,24
test/0039.png,24
test/0040.png,3
test/0041.png,24
test/0042.png,3
test/0043.png,25
test/0044.png,26
test/0045.png,26
test/0046.png,27
test/0047.png,27
test/0048.png,27
test/0049.png,28
test/0050.png,28
test/0051.png,28
test/0052.png,29
test/0053.png,29
test/0054.png,29
test/0055.png,30
test/0056.png,30
test/0057.png,30
test/0058.png,31
test/0059.png,32
test/0060.png,32
test/0061.png,33
test/0062.png,33
test/0063.png,33
test/0064.png,34
test/0065.png,34
test/0066.png,34
test/0067.png,35
test/0068.png,35
test/0069.png,35
test/0070.png,4
test/0071.png,36
test/0072.png,36
test/0073.png,4
test/0074.png,36
test/0075.png,4
test/0076.png,37
test/0077.png,38
test/0078.png,38
test/0079.png,39
test/0080.png,39
test/0081.png,39
test/0082.png,40
test/0083.png,40
test/0084.png,40
test/0085.png,41
test/0086.png,41
test/0087.png,41
test/0088.png,42
test/0089.png,42
test/0090.png,42
test/0091.png,43
test/0092.png,44
test/0093.png,44
test/0094.png,45
test/0095.png,45
test/0096.png,45
test/0097.png,46
test/0098.png,46
test/0099.png,46
test/0100.png,47
test/0101.png,47
test/0102.png,47
test/0103.png,5
test/0104.png,48
test/0105.png,48
test/0106.png,5
test/0107.png,48
test/0108.png,5
test/0109.png,49
test/0110.png,50
test/0111.png,50
test/0112.png,51
test/0113.png,51
test/0114.png,51
test/0115.png,52
test/0116.png,52
test/0117.png,52
test/0118.png,53
test/0119.png,53
test/0120.png,53
test/0121.png,54
test/0122.png,54
test/0123.png,54
test/0124.png,55
test/0125.png,56
test/0126.png,56
test/0127.png,57
test/0128.png,57
test/0129.png,57
test/0130.png,58
test/0131.png,58
test/0132.png,58
test/0133.png,59
test/0134.png,59
test/0135.png,59
test/0136.png,6
test/0137.png,60
test/0138.png,60
test/0139.png,6
test/0140.png,60
test/0141.png,6
test/0142.png,61
test/0143.png,62
test/0144.png,62
test/0145.png,63
test/0146.png,63
test/0147.png,63
test/0148.png,64
test/0149.png,64
test/0150.png,64
test/0151.png,65
test/0152.png,65
test/0153.png,65
test/0154.png,66
test/0155.png,66
test/0156.png,66
test/0157.png,68
test/0158.png,68
test/0159.png,69
test/0160.png,69
test/0161.png,69
test/0162.png,70
test/0163.png,70
test/0164.png,70
test/0165.png,71
test/0166.png,71
test/0167.png,71
test/0168.png,7
test/0169.png,72
test/0170.png,72
test/0171.png,8
test/0172.png,72
test/0173.png,8
test/0174.png,73
test/0175.png,74
test/0176.png,74
test/0177.png,75
test/0178.png,75
test/0179.png,75
test/0180.png,76
test/0181.png,76
test/0182.png,76
test/0183.png,77
test/0184.png,77
test/0185.png,77
test/0186.png,78
test/0187.png,78
test/0188.png,78
test/0189.png,79
test/0190.png,80
test/0191.png,80
test/0192.png,81
test/0193.png,81
test/0194.png,81
test/0195.png,82
test/0196.png,82
test/0197.png,82
test/0198.png,83
test/0199.png,83
test/0200.png,83
test/0201.png,9
test/0202.png,84
test/0203.png,84
test/0204.png,9
test/0205.png,84
test/0206.png,9
test/0207.png,85
test/0208.png,86
test/0209.png,86
test/0210.png,87
test/0211.png,87
test/0212.png,87
test/0213.png,88
test/0214.png,88
test/0215.png,88
test/0216.png,89
test/0217.png,89
test/0218.png,89
test/0219.png,90
test/0220.png,90
test/0221.png,90
test/0222.png,91
test/0223.png,92
test/0224.png,92
test/0225.png,93
test/0226.png,93
test/0227.png,93
test/0228.png,94
test/0229.png,94
test/0230.png,94
test/0231.png,95
test/0232.png,95
test/0233.png,95
test/0234.png,10
test/0235.png,96
test/0236.png,96
test/0237.png,10
test/0238.png,96
test/0239.png,10
test/0240.png,97
test/0241.png,98
test/0242.png,98
test/0243.png,99
test/0244.png,99
test/0245.png,99
test/0246.png,100
test/0247.png,100
test/0248.png,100
test/0249.png,93
test/0250.png,96
train/0001.png,100
train/0002.png,10
train/0003.png,11
train/0004.png,11
train/0005.png,11
train/0006.png,11
train/0007.png,11
train/0008.png,11
train/0009.png,11
train/0010.png,12
train/0011.png,12
train/0012.png,12
train/0013.png,12
train/0014.png,12
train/0015.png,12
train/0016.png,12
train/0017.png,13
train/0018.png,13
train/0019.png,13
train/0020.png,13
train/0021.png,13
train/0022.png,13
train/0023.png,13
train/0024.png,13
train/0025.png,13
train/0026.png,14
train/0027.png,14
train/0028.png,14
train/0029.png,14
train/0030.png,14
train/0031.png,14
train/0032.png,14
train/0033.png,2
train/0034.png,14
train/0035.png,15
train/0036.png,15
train/0037.png,15
train/0038.png,15
train/0039.png,15
train/0040.png,15
train/0041.png,2
train/0042.png,15
train/0043.png,16
train/0044.png,16
train/0045.png,16
train/0046.png,16
train/0047.png,16
train/0048.png,16
train/0049.png,2
train/0050.png,16
train/0051.png,17
train/0052.png,17
train/0053.png,17
train/0054.png,17
train/0055.png,17
train/0056.png,17
train/0057.png,2
train/0058.png,17
train/0059.png,18
train/0060.png,18
train/0061.png,18
train/0062.png,18
train/0063.png,18
train/0064.png,18
train/0065.png,18
train/0066.png,2
train/0067.png,19
train/0068.png,19
train/0069.png,19
train/0070.png,19
train/0071.png,19
train/0072.png,19
train/0073.png,19
train/0074.png,19
train/0075.png,19
train/0076.png,2
train/0077.png,20
train/0078.png,20
train/0079.png,20
train/0080.png,20
train/0081.png,20
train/0082.png,20
train/0083.png,20
train/0084.png,2
train/0085.png,20
train/0086.png,21
train/0087.png,21
train/0088.png,21
train/0089.png,21
train/0090.png,21
train/0091.png,21
train/0092.png,2
train/0093.png,21
train/0094.png,22
train/0095.png,22
train/0096.png,22
train/0097.png,22
train/0098.png,22
train/0099.png,22
train/0100.png,3
train/0101.png,22
train/0102.png,23
train/0103.png,23
train/0104.png,23
train/0105.png,23
train/0106.png,23
train/0107.png,23
train/0108.png,23
train/0109.png,24
train/0110.png,24
train/0111.png,24
train/0112.png,24
train/0113.png,24
train/0114.png,24
train/0115.png,24
train/0116.png,25
train/0117.png,25
train/0118.png,25
train/0119.png,25
train/0120.png,25
train/0121.png,25
train/0122.png,25
train/0123.png,25
train/0124.png,25
train/0125.png,26
train/0126.png,26
train/0127.png,26
train/0128.png,26
train/0129.png,26
train/0130.png,26
train/0131.png,26
train/0132.png,3
train/0133.png,26
train/0134.png,27
train/0135.png,27
train/0136.png,27
train/0137.png,27
train/0138.png,27
train/0139.png,27
train/0140.png,3
train/0141.png,27
train/0142.png,28
train/0143.png,28
train/0144.png,28
train/0145.png,28
train/0146.png,28
train/0147.png,28
train/0148.png,3
train/0149.png,28
train/0150.png,29
train/0151.png,29
train/0152.png,29
train/0153.png,29
train/0154.png,29
train/0155.png,29
train/0156.png,3
train/0157.png,29
train/0158.png,30
train/0159.png,30
train/0160.png,30
train/0161.png,30
train/0162.png,30
train/0163.png,30
train/0164.png,30
train/0165.png,3
train/0166.png,1
train/0167.png,31
train/0168.png,31
train/0169.png,31
train/0170.png,31
train/0171.png,31
train/0172.png,31
train/0173.png,31
train/0174.png,31
train/0175.png,31
train/0176.png,3
train/0177.png,32
train/0178.png,32
train/0179.png,32
train/0180.png,32
train/0181.png,32
train/0182.png,32
train/0183.png,32
train/0184.png,4
train/0185.png,32
train/0186.png,33
train/0187.png,33
train/0188.png,33
train/0189.png,33
train/0190.png,33
train/0191.png,33
train/0192.png,4
train/0193.png,33
train/0194.png,34
train/0195.png,34
train/0196.png,34
train/0197.png,34
train/0198.png,34
train/0199.png,34
train/0200.png,4
train/0201.png,34
train/0202.png,35
train/0203.png,35
train/0204.png,35
train/0205.png,35
train/0206.png,35
train/0207.png,35
train/0208.png,35
train/0209.png,36
train/0210.png,36
train/0211.png,36
train/0212.png,36
train/0213.png,36
train/0214.png,36
train/0215.png,36
train/0216.png,37
train/0217.png,37
train/0218.png,37
train/0219.png,37
train/0220.png,37
train/0221.png,37
train/0222.png,37
train/0223.png,37
train/0224.png,37
train/0225.png,38
train/0226.png,38
train/0227.png,38
train/0228.png,38
train/0229.png,38
train/0230.png,38
train/0231.png,38
train/0232.png,4
train/0233.png,38
train/0234.png,39
train/0235.png,39
train/0236.png,39
train/0237.png,39
train/0238.png,39
train/0239.png,39
train/0240.png,4
train/0241.png,39
train/0242.png,40
train/0243.png,40
train/0244.png,40
train/0245.png,40
train/0246.png,40
train/0247.png,40
train/0248.png,4
train/0249.png,1
train/0250.png,40
train/0251.png,41
train/0252.png,41
train/0253.png,41
train/0254.png,41
train/0255.png,41
train/0256.png,41
train/0257.png,4
train/0258.png,41
train/0259.png,42
train/0260.png,42
train/0261.png,42
train/0262.png,42
train/0263.png,42
train/0264.png,42
train/0265.png,42
train/0266.png,5
train/0267.png,43
train/0268.png,43
train/0269.png,43
train/0270.png,43
train/0271.png,43
train/0272.png,43
train/0273.png,43
train/0274.png,43
train/0275.png,43
train/0276.png,5
train/0277.png,44
train/0278.png,44
train/0279.png,44
train/0280.png,44
train/0281.png,44
train/0282.png,44
train/0283.png,44
train/0284.png,5
train/0285.png,44
train/0286.png,45
train/0287.png,45
train/0288.png,45
train/0289.png,45
train/0290.png,45
train/0291.png,45
train/0292.png,5
train/0293.png,45
train/0294.png,46
train/0295.png,46
train/0296.png,46
train/0297.png,46
train/0298.png,46
train/0299.png,46
train/0300.png,5
train/0301.png,46
train/0302.png,47
train/0303.png,47
train/0304.png,47
train/0305.png,47
train/0306.png,47
train/0307.png,47
train/0308.png,47
train/0309.png,48
train/0310.png,48
train/0311.png,48
train/0312.png,48
train/0313.png,48
train/0314.png,48
train/0315.png,48
train/0316.png,49
train/0317.png,49
train/0318.png,49
train/0319.png,49
train/0320.png,49
train/0321.png,49
train/0322.png,49
train/0323.png,49
train/0324.png,49
train/0325.png,50
train/0326.png,50
train/0327.png,50
train/0328.png,50
train/0329.png,50
train/0330.png,50
train/0331.png,50
train/0332.png,5
train/0333.png,1
train/0334.png,50
train/0335.png,51
train/0336.png,51
train/0337.png,51
train/0338.png,51
train/0339.png,51
train/0340.png,51
train/0341.png,5
train/0342.png,51
train/0343.png,52
train/0344.png,52
train/0345.png,52
train/0346.png,52
train/0347.png,52
train/0348.png,52
train/0349.png,6
train/0350.png,52
train/0351.png,53
train/0352.png,53
train/0353.png,53
train/0354.png,53
train/0355.png,53
train/0356.png,53
train/0357.png,6
train/0358.png,53
train/0359.png,54
train/0360.png,54
train/0361.png,54
train/0362.png,54
train/0363.png,54
train/0364.png,54
train/0365.png,54
train/0366.png,6
train/0367.png,55
train/0368.png,55
train/0369.png,55
train/0370.png,55
train/0371.png,55
train/0372.png,55
train/0373.png,55
train/0374.png,55
train/0375.png,55
train/0376.png,6
train/0377.png,56
train/0378.png,56
train/0379.png,56
train/0380.png,56
train/0381.png,56
train/0382.png,56
train/0383.png,56
train/0384.png,6
train/0385.png,56
train/0386.png,57
train/0387.png,57
train/0388.png,57
train/0389.png,57
train/0390.png,57
train/0391.png,57
train/0392.png,6
train/0393.png,57
train/0394.png,58
train/0395.png,58
train/0396.png,58
train/0397.png,58
train/0398.png,58
train/0399.png,58
train/0400.png,6
train/0401.png,58
train/0402.png,59
train/0403.png,59
train/0404.png,59
train/0405.png,59
train/0406.png,59
train/0407.png,59
train/0408.png,59
train/0409.png,60
train/0410.png,60
train/0411.png,60
train/0412.png,60
train/0413.png,60
train/0414.png,60
train/0415.png,60
train/0416.png,1
train/0417.png,61
train/0418.png,61
train/0419.png,61
train/0420.png,61
train/0421.png,61
train/0422.png,61
train/0423.png,61
train/0424.png,61
train/0425.png,61
train/0426.png,62
train/0427.png,62
train/0428.png,62
train/0429.png,62
train/0430.png,62
train/0431.png,62
train/0432.png,62
train/0433.png,7
train/0434.png,62
train/0435.png,63
train/0436.png,63
train/0437.png,63
train/0438.png,63
train/0439.png,63
train/0440.png,63
train/0441.png,7
train/0442.png,63
train/0443.png,64
train/0444.png,64
train/0445.png,64
train/0446.png,64
train/0447.png,64
train/0448.png,64
train/0449.png,7
train/0450.png,64
train/0451.png,65
train/0452.png,65
train/0453.png,65
train/0454.png,65
train/0455.png,65
train/0456.png,65
train/0457.png,65
train/0458.png,66
train/0459.png,66
train/0460.png,66
train/0461.png,66
train/0462.png,66
train/0463.png,66
train/0464.png,66
train/0465.png,7
train/0466.png,67
train/0467.png,67
train/0468.png,67
train/0469.png,67
train/0470.png,67
train/0471.png,67
train/0472.png,67
train/0473.png,67
train/0474.png,67
train/0475.png,7
train/0476.png,68
train/0477.png,68
train/0478.png,68
train/0479.png,68
train/0480.png,68
train/0481.png,68
train/0482.png,68
train/0483.png,7
train/0484.png,68
train/0485.png,69
train/0486.png,69
train/0487.png,69
train/0488.png,69
train/0489.png,69
train/0490.png,69
train/0491.png,7
train/0492.png,69
train/0493.png,70
train/0494.png,70
train/0495.png,70
train/0496.png,70
train/0497.png,70
train/0498.png,70
train/0499.png,7
train/0500.png,1
train/0501.png,70
train/0502.png,71
train/0503.png,71
train/0504.png,71
train/0505.png,71
train/0506.png,71
train/0507.png,71
train/0508.png,71
train/0509.png,72
train/0510.png,72
train/0511.png,72
train/0512.png,72
train/0513.png,72
train/0514.png,72
train/0515.png,72
train/0516.png,73
train/0517.png,73
train/0518.png,73
train/0519.png,73
train/0520.png,73
train/0521.png,73
train/0522.png,73
train/0523.png,73
train/0524.png,73
train/0525.png,74
train/0526.png,74
train/0527.png,74
train/0528.png,74
train/0529.png,74
train/0530.png,74
train/0531.png,74
train/0532.png,8
train/0533.png,74
train/0534.png,75
train/0535.png,75
train/0536.png,75
train/0537.png,75
train/0538.png,75
train/0539.png,75
train/0540.png,8
train/0541.png,75
train/0542.png,76
train/0543.png,76
train/0544.png,76
train/0545.png,76
train/0546.png,76
train/0547.png,76
train/0548.png,8
train/0549.png,76
train/0550.png,77
train/0551.png,77
train/0552.png,77
train/0553.png,77
train/0554.png,77
train/0555.png,77
train/0556.png,8
train/0557.png,77
train/0558.png,78
train/0559.png,78
train/0560.png,78
train/0561.png,78
train/0562.png,78
train/0563.png,78
train/0564.png,78
train/0565.png,8
train/0566.png,79
train/0567.png,79
train/0568.png,79
train/0569.png,79
train/0570.png,79
train/0571.png,79
train/0572.png,79
train/0573.png,79
train/0574.png,79
train/0575.png,8
train/0576.png,80
train/0577.png,80
train/0578.png,80
train/0579.png,80
train/0580.png,80
train/0581.png,80
train/0582.png,80
train/0583.png,8
train/0584.png,1
train/0585.png,80
train/0586.png,81
train/0587.png,81
train/0588.png,81
train/0589.png,81
train/0590.png,81
train/0591.png,81
train/0592.png,8
train/0593.png,81
train/0594.png,82
train/0595.png,82
train/0596.png,82
train/0597.png,82
train/0598.png,82
train/0599.png,82
train/0600.png,9
train/0601.png,82
train/0602.png,83
train/0603.png,83
train/0604.png,83
train/0605.png,83
train/0606.png,83
train/0607.png,83
train/0608.png,83
train/0609.png,84
train/0610.png,84
train/0611.png,84
train/0612.png,84
train/0613.png,84
train/0614.png,84
train/0615.png,84
train/0616.png,85
train/0617.png,85
train/0618.png,85
train/0619.png,85
train/0620.png,85
train/0621.png,85
train/0622.png,85
train/0623.png,85
train/0624.png,85
train/0625.png,86
train/0626.png,86
train/0627.png,86
train/0628.png,86
train/0629.png,86
train/0630.png,86
train/0631.png,86
train/0632.png,9
train/0633.png,86
train/0634.png,87
train/0635.png,87
train/0636.png,87
train/0637.png,87
train/0638.png,87
train/0639.png,87
train/0640.png,9
train/0641.png,87
train/0642.png,88
train/0643.png,88
train/0644.png,88
train/0645.png,88
train/0646.png,88
train/0647.png,88
train/0648.png,9
train/0649.png,88
train/0650.png,89
train/0651.png,89
train/0652.png,89
train/0653.png,89
train/0654.png,89
train/0655.png,89
train/0656.png,9
train/0657.png,89
train/0658.png,90
train/0659.png,90
train/0660.png,90
train/0661.png,90
train/0662.png,90
train/0663.png,90
train/0664.png,90
train/0665.png,9
train/0666.png,1
train/0667.png,91
train/0668.png,91
train/0669.png,91
train/0670.png,91
train/0671.png,91
train/0672.png,91
train/0673.png,91
train/0674.png,91
train/0675.png,91
train/0676.png,9
train/0677.png,92
train/0678.png,92
train/0679.png,92
train/0680.png,92
train/0681.png,92
train/0682.png,92
train/0683.png,92
train/0684.png,10
train/0685.png,92
train/0686.png,93
train/0687.png,93
train/0688.png,93
train/0689.png,93
train/0690.png,93
train/0691.png,10
train/0692.png,93
train/0693.png,94
train/0694.png,94
train/0695.png,94
train/0696.png,94
train/0697.png,94
train/0698.png,94
train/0699.png,10
train/0700.png,94
train/0701.png,95
train/0702.png,95
train/0703.png,95
train/0704.png,95
train/0705.png,95
train/0706.png,95
train/0707.png,95
train/0708.png,96
train/0709.png,96
train/0710.png,96
train/0711.png,96
train/0712.png,96
train/0713.png,96
train/0714.png,97
train/0715.png,97
train/0716.png,97
train/0717.png,97
train/0718.png,97
train/0719.png,97
train/0720.png,97
train/0721.png,97
train/0722.png,97
train/0723.png,98
train/0724.png,98
train/0725.png,98
train/0726.png,98
train/0727.png,98
train/0728.png,98
train/0729.png,98
train/0730.png,10
train/0731.png,98
train/0732.png,99
train/0733.png,99
train/0734.png,99
train/0735.png,99
train/0736.png,99
train/0737.png,99
train/0738.png,10
train/0739.png,99
train/0740.png,100
train/0741.png,100
train/0742.png,100
train/0743.png,100
train/0744.png,100
train/0745.png,100
train/0746.png,10
train/0747.png,1
train/0748.png,1
train/0749.png,7
train/0750.png,67
